Question,Answer
How can I allocate subsidies using soil data?,"Eastern Province shows early signs of soil degradation, especially in Kayonza and Nyagatare."
Which crop suits my soil in Nyamagabe?,Use compost or urea-based fertilizers to boost nitrogen.
Is my soil good for Irish potatoes?,DAP or NPK 17:17:17 is ideal for maize in your region.
Is there rising demand for organic fertilizers?,"Yes, more farmers are moving to drought-tolerant crops due to weather patterns."
Which districts have declining pH levels?,"Yes, Southern Province has moderate nitrogen levels but low potassium in Nyaruguru."
How can I forecast pesticide needs?,"Yes, especially in Nyabihu and Ruhango districts."
What farm inputs should I stock in Rubavu?,Farmers in Huye are shifting to hybrid maize and beans.
How do I improve low nitrogen levels in my farm?,"Yes, beans are suitable if phosphorus levels are sufficient."
What regions in Rwanda are showing soil degradation?,"Eastern Province shows early signs of soil degradation, especially in Kayonza and Nyagatare."
What regions in Rwanda are showing soil degradation?,"Eastern Province shows early signs of soil degradation, especially in Kayonza and Nyagatare."
Which districts have declining pH levels?,Declining pH levels are reported in parts of Huye and Rwamagana.
How can I allocate subsidies using soil data?,Prioritize conservation in erosion-prone areas like Musanze and Gakenke.
What fertilizer should I use for maize?,DAP or NPK 17:17:17 is ideal for maize in your region.
Which seeds are farmers buying more in Huye?,"Stock maize seeds, DAP, and bio-pesticides in Rubavu."
How can I forecast pesticide needs?,Farmers in Huye are shifting to hybrid maize and beans.
Which seeds are farmers buying more in Huye?,"Stock maize seeds, DAP, and bio-pesticides in Rubavu."
Can I plant beans this season?,"Yes, especially in highland soils like those in Musanze."
What regions in Rwanda are showing soil degradation?,Prioritize conservation in erosion-prone areas like Musanze and Gakenke.
What fertilizer should I use for maize?,"Based on Nyamagabe soil data, beans and sorghum are well-suited."
What fertilizer should I use for maize?,Use compost or urea-based fertilizers to boost nitrogen.
Is there rising demand for organic fertilizers?,"Stock maize seeds, DAP, and bio-pesticides in Rubavu."
Which crop suits my soil in Nyamagabe?,DAP or NPK 17:17:17 is ideal for maize in your region.
Can I plant beans this season?,"Yes, especially in highland soils like those in Musanze."
Is my soil good for Irish potatoes?,DAP or NPK 17:17:17 is ideal for maize in your region.
Do we have recent soil fertility data for Southern Province?,Subsidies should be directed to low-nitrogen zones like Bugesera and Gisagara.
Where should we prioritize conservation efforts?,"Eastern Province shows early signs of soil degradation, especially in Kayonza and Nyagatare."
Is there rising demand for organic fertilizers?,Farmers in Huye are shifting to hybrid maize and beans.
Is there rising demand for organic fertilizers?,Farmers in Huye are shifting to hybrid maize and beans.
How do I improve low nitrogen levels in my farm?,"Based on Nyamagabe soil data, beans and sorghum are well-suited."
Is my soil good for Irish potatoes?,DAP or NPK 17:17:17 is ideal for maize in your region.
How can I allocate subsidies using soil data?,Prioritize conservation in erosion-prone areas like Musanze and Gakenke.
Can I plant beans this season?,"Yes, beans are suitable if phosphorus levels are sufficient."
Which seeds are farmers buying more in Huye?,"Stock maize seeds, DAP, and bio-pesticides in Rubavu."
How can I forecast pesticide needs?,"Yes, especially in Nyabihu and Ruhango districts."
Is there rising demand for organic fertilizers?,"Yes, especially in Nyabihu and Ruhango districts."
How can I allocate subsidies using soil data?,Declining pH levels are reported in parts of Huye and Rwamagana.
What regions in Rwanda are showing soil degradation?,Prioritize conservation in erosion-prone areas like Musanze and Gakenke.
What fertilizer should I use for maize?,"Yes, especially in highland soils like those in Musanze."
What fertilizer should I use for maize?,DAP or NPK 17:17:17 is ideal for maize in your region.
Which seeds are farmers buying more in Huye?,Use the dashboard to monitor pest alerts and predict pesticide needs.
Which crop suits my soil in Nyamagabe?,"Yes, especially in highland soils like those in Musanze."
How do I improve low nitrogen levels in my farm?,"Yes, beans are suitable if phosphorus levels are sufficient."
Which districts have declining pH levels?,Prioritize conservation in erosion-prone areas like Musanze and Gakenke.
How can I forecast pesticide needs?,Use the dashboard to monitor pest alerts and predict pesticide needs.
What farm inputs should I stock in Rubavu?,"Stock maize seeds, DAP, and bio-pesticides in Rubavu."
How do I improve low nitrogen levels in my farm?,Use compost or urea-based fertilizers to boost nitrogen.
How do I improve low nitrogen levels in my farm?,"Yes, beans are suitable if phosphorus levels are sufficient."
How can I allocate subsidies using soil data?,"Yes, Southern Province has moderate nitrogen levels but low potassium in Nyaruguru."
Are planting trends changing this year?,"Yes, especially in Nyabihu and Ruhango districts."
Is my soil good for Irish potatoes?,"Yes, beans are suitable if phosphorus levels are sufficient."
Can I plant beans this season?,DAP or NPK 17:17:17 is ideal for maize in your region.
Which seeds are farmers buying more in Huye?,"Yes, more farmers are moving to drought-tolerant crops due to weather patterns."
How can I allocate subsidies using soil data?,Prioritize conservation in erosion-prone areas like Musanze and Gakenke.
What farm inputs should I stock in Rubavu?,Farmers in Huye are shifting to hybrid maize and beans.
How can I allocate subsidies using soil data?,Subsidies should be directed to low-nitrogen zones like Bugesera and Gisagara.
What farm inputs should I stock in Rubavu?,"Yes, especially in Nyabihu and Ruhango districts."
Which crop suits my soil in Nyamagabe?,"Based on Nyamagabe soil data, beans and sorghum are well-suited."
How can I allocate subsidies using soil data?,Subsidies should be directed to low-nitrogen zones like Bugesera and Gisagara.
How do I improve low nitrogen levels in my farm?,"Yes, especially in highland soils like those in Musanze."
Can I plant beans this season?,"Yes, beans are suitable if phosphorus levels are sufficient."
What farm inputs should I stock in Rubavu?,Farmers in Huye are shifting to hybrid maize and beans.
Which seeds are farmers buying more in Huye?,"Yes, more farmers are moving to drought-tolerant crops due to weather patterns."
Which districts have declining pH levels?,"Yes, Southern Province has moderate nitrogen levels but low potassium in Nyaruguru."
Is there rising demand for organic fertilizers?,"Yes, more farmers are moving to drought-tolerant crops due to weather patterns."
Where should we prioritize conservation efforts?,"Yes, Southern Province has moderate nitrogen levels but low potassium in Nyaruguru."
How can I forecast pesticide needs?,Farmers in Huye are shifting to hybrid maize and beans.
Do we have recent soil fertility data for Southern Province?,Prioritize conservation in erosion-prone areas like Musanze and Gakenke.
What regions in Rwanda are showing soil degradation?,"Eastern Province shows early signs of soil degradation, especially in Kayonza and Nyagatare."
Which crop suits my soil in Nyamagabe?,"Based on Nyamagabe soil data, beans and sorghum are well-suited."
Can I plant beans this season?,DAP or NPK 17:17:17 is ideal for maize in your region.
Which seeds are farmers buying more in Huye?,Farmers in Huye are shifting to hybrid maize and beans.
Which districts have declining pH levels?,Subsidies should be directed to low-nitrogen zones like Bugesera and Gisagara.
Where should we prioritize conservation efforts?,Prioritize conservation in erosion-prone areas like Musanze and Gakenke.
Are planting trends changing this year?,Farmers in Huye are shifting to hybrid maize and beans.
Is there rising demand for organic fertilizers?,Farmers in Huye are shifting to hybrid maize and beans.
How do I improve low nitrogen levels in my farm?,Use compost or urea-based fertilizers to boost nitrogen.
Which seeds are farmers buying more in Huye?,"Yes, more farmers are moving to drought-tolerant crops due to weather patterns."
How can I allocate subsidies using soil data?,"Yes, Southern Province has moderate nitrogen levels but low potassium in Nyaruguru."
What regions in Rwanda are showing soil degradation?,"Yes, Southern Province has moderate nitrogen levels but low potassium in Nyaruguru."
What regions in Rwanda are showing soil degradation?,"Eastern Province shows early signs of soil degradation, especially in Kayonza and Nyagatare."
How can I allocate subsidies using soil data?,"Eastern Province shows early signs of soil degradation, especially in Kayonza and Nyagatare."
What fertilizer should I use for maize?,"Yes, beans are suitable if phosphorus levels are sufficient."
Is my soil good for Irish potatoes?,Use compost or urea-based fertilizers to boost nitrogen.
Do we have recent soil fertility data for Southern Province?,Prioritize conservation in erosion-prone areas like Musanze and Gakenke.
Do we have recent soil fertility data for Southern Province?,Subsidies should be directed to low-nitrogen zones like Bugesera and Gisagara.
Is my soil good for Irish potatoes?,"Yes, especially in highland soils like those in Musanze."
Are planting trends changing this year?,Use the dashboard to monitor pest alerts and predict pesticide needs.
Do we have recent soil fertility data for Southern Province?,"Eastern Province shows early signs of soil degradation, especially in Kayonza and Nyagatare."
What farm inputs should I stock in Rubavu?,Farmers in Huye are shifting to hybrid maize and beans.
How can I forecast pesticide needs?,"Stock maize seeds, DAP, and bio-pesticides in Rubavu."
Which crop suits my soil in Nyamagabe?,"Based on Nyamagabe soil data, beans and sorghum are well-suited."
How can I allocate subsidies using soil data?,Prioritize conservation in erosion-prone areas like Musanze and Gakenke.
What regions in Rwanda are showing soil degradation?,Prioritize conservation in erosion-prone areas like Musanze and Gakenke.
How can I forecast pesticide needs?,Farmers in Huye are shifting to hybrid maize and beans.
Are planting trends changing this year?,"Yes, especially in Nyabihu and Ruhango districts."
Can I plant beans this season?,Use compost or urea-based fertilizers to boost nitrogen.
Which crop suits my soil in Nyamagabe?,"Yes, especially in highland soils like those in Musanze."
Which seeds are farmers buying more in Huye?,Farmers in Huye are shifting to hybrid maize and beans.
Which crop suits my soil in Nyamagabe?,"Based on Nyamagabe soil data, beans and sorghum are well-suited."
Is there rising demand for organic fertilizers?,Use the dashboard to monitor pest alerts and predict pesticide needs.
